file,line,type,commit,author,date,time,timezone,datetime,depth,length
style.css,1,css,8d3de9e,Brian Jing,2025-11-20,22:02:25,-08:00,2025-11-20T22:02:25-08:00,0,22
style.css,2,css,8d3de9e,Brian Jing,2025-11-20,22:02:25,-08:00,2025-11-20T22:02:25-08:00,1,15
style.css,3,css,8d3de9e,Brian Jing,2025-11-20,22:02:25,-08:00,2025-11-20T22:02:25-08:00,1,17
style.css,4,css,8d3de9e,Brian Jing,2025-11-20,22:02:25,-08:00,2025-11-20T22:02:25-08:00,0,0
style.css,5,css,8d3de9e,Brian Jing,2025-11-20,22:02:25,-08:00,2025-11-20T22:02:25-08:00,0,2
style.css,6,css,8d3de9e,Brian Jing,2025-11-20,22:02:25,-08:00,2025-11-20T22:02:25-08:00,1,14
style.css,7,css,8d3de9e,Brian Jing,2025-11-20,22:02:25,-08:00,2025-11-20T22:02:25-08:00,0,0
style.css,8,css,8d3de9e,Brian Jing,2025-11-20,22:02:25,-08:00,2025-11-20T22:02:25-08:00,0,0
style.css,9,css,8d3de9e,Brian Jing,2025-11-20,22:02:25,-08:00,2025-11-20T22:02:25-08:00,0,5
style.css,10,css,8d3de9e,Brian Jing,2025-11-20,22:02:25,-08:00,2025-11-20T22:02:25-08:00,1,23
style.css,11,css,8d3de9e,Brian Jing,2025-11-20,22:02:25,-08:00,2025-11-20T22:02:25-08:00,1,32
style.css,12,css,8d3de9e,Brian Jing,2025-11-20,22:02:25,-08:00,2025-11-20T22:02:25-08:00,0,0
style.css,13,css,8d3de9e,Brian Jing,2025-11-20,22:02:25,-08:00,2025-11-20T22:02:25-08:00,0,0
style.css,14,css,8d3de9e,Brian Jing,2025-11-20,22:02:25,-08:00,2025-11-20T22:02:25-08:00,0,3
style.css,15,css,8d3de9e,Brian Jing,2025-11-20,22:02:25,-08:00,2025-11-20T22:02:25-08:00,1,14
style.css,16,css,8d3de9e,Brian Jing,2025-11-20,22:02:25,-08:00,2025-11-20T22:02:25-08:00,1,50
style.css,17,css,8d3de9e,Brian Jing,2025-11-20,22:02:25,-08:00,2025-11-20T22:02:25-08:00,0,0
style.css,18,css,8d3de9e,Brian Jing,2025-11-20,22:02:25,-08:00,2025-11-20T22:02:25-08:00,0,0
style.css,19,css,8d3de9e,Brian Jing,2025-11-20,22:02:25,-08:00,2025-11-20T22:02:25-08:00,0,4
style.css,20,css,8d3de9e,Brian Jing,2025-11-20,22:02:25,-08:00,2025-11-20T22:02:25-08:00,1,23
style.css,21,css,8d3de9e,Brian Jing,2025-11-20,22:02:25,-08:00,2025-11-20T22:02:25-08:00,1,15
style.css,22,css,8d3de9e,Brian Jing,2025-11-20,22:02:25,-08:00,2025-11-20T22:02:25-08:00,1,18
style.css,23,css,8d3de9e,Brian Jing,2025-11-20,22:02:25,-08:00,2025-11-20T22:02:25-08:00,1,15
style.css,24,css,8d3de9e,Brian Jing,2025-11-20,22:02:25,-08:00,2025-11-20T22:02:25-08:00,1,32
style.css,25,css,8d3de9e,Brian Jing,2025-11-20,22:02:25,-08:00,2025-11-20T22:02:25-08:00,0,0
style.css,26,css,8d3de9e,Brian Jing,2025-11-20,22:02:25,-08:00,2025-11-20T22:02:25-08:00,0,0
style.css,27,css,8d3de9e,Brian Jing,2025-11-20,22:02:25,-08:00,2025-11-20T22:02:25-08:00,0,4
style.css,28,css,8d3de9e,Brian Jing,2025-11-20,22:02:25,-08:00,2025-11-20T22:02:25-08:00,0,7
style.css,29,css,8d3de9e,Brian Jing,2025-11-20,22:02:25,-08:00,2025-11-20T22:02:25-08:00,0,6
style.css,30,css,8d3de9e,Brian Jing,2025-11-20,22:02:25,-08:00,2025-11-20T22:02:25-08:00,1,12
style.css,31,css,8d3de9e,Brian Jing,2025-11-20,22:02:25,-08:00,2025-11-20T22:02:25-08:00,0,0
style.css,32,css,8d3de9e,Brian Jing,2025-11-20,22:02:25,-08:00,2025-11-20T22:02:25-08:00,0,0
style.css,33,css,8d3de9e,Brian Jing,2025-11-20,22:02:25,-08:00,2025-11-20T22:02:25-08:00,0,4
style.css,34,css,8d3de9e,Brian Jing,2025-11-20,22:02:25,-08:00,2025-11-20T22:02:25-08:00,1,12
style.css,35,css,8d3de9e,Brian Jing,2025-11-20,22:02:25,-08:00,2025-11-20T22:02:25-08:00,1,30
style.css,36,css,8d3de9e,Brian Jing,2025-11-20,22:02:25,-08:00,2025-11-20T22:02:25-08:00,1,7
style.css,37,css,8d3de9e,Brian Jing,2025-11-20,22:02:25,-08:00,2025-11-20T22:02:25-08:00,0,0
style.css,38,css,8d3de9e,Brian Jing,2025-11-20,22:02:25,-08:00,2025-11-20T22:02:25-08:00,0,0
style.css,39,css,8d3de9e,Brian Jing,2025-11-20,22:02:25,-08:00,2025-11-20T22:02:25-08:00,0,0
style.css,40,css,8d3de9e,Brian Jing,2025-11-20,22:02:25,-08:00,2025-11-20T22:02:25-08:00,0,5
style.css,41,css,8d3de9e,Brian Jing,2025-11-20,22:02:25,-08:00,2025-11-20T22:02:25-08:00,1,12
style.css,42,css,8d3de9e,Brian Jing,2025-11-20,22:02:25,-08:00,2025-11-20T22:02:25-08:00,1,29
style.css,43,css,8d3de9e,Brian Jing,2025-11-20,22:02:25,-08:00,2025-11-20T22:02:25-08:00,1,18
style.css,44,css,8d3de9e,Brian Jing,2025-11-20,22:02:25,-08:00,2025-11-20T22:02:25-08:00,0,0
style.css,45,css,8d3de9e,Brian Jing,2025-11-20,22:02:25,-08:00,2025-11-20T22:02:25-08:00,0,0
style.css,46,css,8d3de9e,Brian Jing,2025-11-20,22:02:25,-08:00,2025-11-20T22:02:25-08:00,0,7
style.css,47,css,8d3de9e,Brian Jing,2025-11-20,22:02:25,-08:00,2025-11-20T22:02:25-08:00,0,6
style.css,48,css,8d3de9e,Brian Jing,2025-11-20,22:02:25,-08:00,2025-11-20T22:02:25-08:00,1,18
style.css,49,css,8d3de9e,Brian Jing,2025-11-20,22:02:25,-08:00,2025-11-20T22:02:25-08:00,0,0
style.css,50,css,8d3de9e,Brian Jing,2025-11-20,22:02:25,-08:00,2025-11-20T22:02:25-08:00,0,0
style.css,51,css,8d3de9e,Brian Jing,2025-11-20,22:02:25,-08:00,2025-11-20T22:02:25-08:00,0,6
style.css,52,css,8d3de9e,Brian Jing,2025-11-20,22:02:25,-08:00,2025-11-20T22:02:25-08:00,1,19
style.css,53,css,8d3de9e,Brian Jing,2025-11-20,22:02:25,-08:00,2025-11-20T22:02:25-08:00,1,17
style.css,54,css,8d3de9e,Brian Jing,2025-11-20,22:02:25,-08:00,2025-11-20T22:02:25-08:00,1,36
style.css,55,css,8d3de9e,Brian Jing,2025-11-20,22:02:25,-08:00,2025-11-20T22:02:25-08:00,1,11
style.css,56,css,8d3de9e,Brian Jing,2025-11-20,22:02:25,-08:00,2025-11-20T22:02:25-08:00,1,11
style.css,57,css,8d3de9e,Brian Jing,2025-11-20,22:02:25,-08:00,2025-11-20T22:02:25-08:00,1,17
style.css,58,css,8d3de9e,Brian Jing,2025-11-20,22:02:25,-08:00,2025-11-20T22:02:25-08:00,1,14
style.css,59,css,8d3de9e,Brian Jing,2025-11-20,22:02:25,-08:00,2025-11-20T22:02:25-08:00,0,0
style.css,60,css,8d3de9e,Brian Jing,2025-11-20,22:02:25,-08:00,2025-11-20T22:02:25-08:00,0,0
style.css,61,css,8d3de9e,Brian Jing,2025-11-20,22:02:25,-08:00,2025-11-20T22:02:25-08:00,0,0
style.css,62,css,8d3de9e,Brian Jing,2025-11-20,22:02:25,-08:00,2025-11-20T22:02:25-08:00,0,6
style.css,63,css,8d3de9e,Brian Jing,2025-11-20,22:02:25,-08:00,2025-11-20T22:02:25-08:00,1,16
style.css,64,css,8d3de9e,Brian Jing,2025-11-20,22:02:25,-08:00,2025-11-20T22:02:25-08:00,0,0
style.css,65,css,8d3de9e,Brian Jing,2025-11-20,22:02:25,-08:00,2025-11-20T22:02:25-08:00,0,6
style.css,66,css,8d3de9e,Brian Jing,2025-11-20,22:02:25,-08:00,2025-11-20T22:02:25-08:00,1,16
style.css,67,css,8d3de9e,Brian Jing,2025-11-20,22:02:25,-08:00,2025-11-20T22:02:25-08:00,0,0
style.css,68,css,8d3de9e,Brian Jing,2025-11-20,22:02:25,-08:00,2025-11-20T22:02:25-08:00,0,3
style.css,69,css,8d3de9e,Brian Jing,2025-11-20,22:02:25,-08:00,2025-11-20T22:02:25-08:00,1,39
style.css,70,css,8d3de9e,Brian Jing,2025-11-20,22:02:25,-08:00,2025-11-20T22:02:25-08:00,1,12
style.css,71,css,8d3de9e,Brian Jing,2025-11-20,22:02:25,-08:00,2025-11-20T22:02:25-08:00,1,17
style.css,72,css,8d3de9e,Brian Jing,2025-11-20,22:02:25,-08:00,2025-11-20T22:02:25-08:00,1,42
style.css,73,css,8d3de9e,Brian Jing,2025-11-20,22:02:25,-08:00,2025-11-20T22:02:25-08:00,0,0
style.css,74,css,8d3de9e,Brian Jing,2025-11-20,22:02:25,-08:00,2025-11-20T22:02:25-08:00,0,5
style.css,75,css,8d3de9e,Brian Jing,2025-11-20,22:02:25,-08:00,2025-11-20T22:02:25-08:00,1,6
style.css,76,css,8d3de9e,Brian Jing,2025-11-20,22:02:25,-08:00,2025-11-20T22:02:25-08:00,1,20
style.css,77,css,8d3de9e,Brian Jing,2025-11-20,22:02:25,-08:00,2025-11-20T22:02:25-08:00,1,13
style.css,78,css,8d3de9e,Brian Jing,2025-11-20,22:02:25,-08:00,2025-11-20T22:02:25-08:00,1,17
style.css,79,css,8d3de9e,Brian Jing,2025-11-20,22:02:25,-08:00,2025-11-20T22:02:25-08:00,1,13
style.css,80,css,8d3de9e,Brian Jing,2025-11-20,22:02:25,-08:00,2025-11-20T22:02:25-08:00,0,0
style.css,81,css,8d3de9e,Brian Jing,2025-11-20,22:02:25,-08:00,2025-11-20T22:02:25-08:00,0,13
style.css,82,css,8d3de9e,Brian Jing,2025-11-20,22:02:25,-08:00,2025-11-20T22:02:25-08:00,1,25
style.css,83,css,8d3de9e,Brian Jing,2025-11-20,22:02:25,-08:00,2025-11-20T22:02:25-08:00,1,25
style.css,84,css,8d3de9e,Brian Jing,2025-11-20,22:02:25,-08:00,2025-11-20T22:02:25-08:00,1,39
style.css,85,css,8d3de9e,Brian Jing,2025-11-20,22:02:25,-08:00,2025-11-20T22:02:25-08:00,1,20
style.css,86,css,8d3de9e,Brian Jing,2025-11-20,22:02:25,-08:00,2025-11-20T22:02:25-08:00,0,0
style.css,87,css,8d3de9e,Brian Jing,2025-11-20,22:02:25,-08:00,2025-11-20T22:02:25-08:00,0,11
style.css,88,css,8d3de9e,Brian Jing,2025-11-20,22:02:25,-08:00,2025-11-20T22:02:25-08:00,1,69
style.css,89,css,8d3de9e,Brian Jing,2025-11-20,22:02:25,-08:00,2025-11-20T22:02:25-08:00,1,25
style.css,90,css,8d3de9e,Brian Jing,2025-11-20,22:02:25,-08:00,2025-11-20T22:02:25-08:00,1,25
style.css,91,css,8d3de9e,Brian Jing,2025-11-20,22:02:25,-08:00,2025-11-20T22:02:25-08:00,1,39
style.css,92,css,8d3de9e,Brian Jing,2025-11-20,22:02:25,-08:00,2025-11-20T22:02:25-08:00,1,20
style.css,93,css,8d3de9e,Brian Jing,2025-11-20,22:02:25,-08:00,2025-11-20T22:02:25-08:00,0,0
style.css,94,css,8d3de9e,Brian Jing,2025-11-20,22:02:25,-08:00,2025-11-20T22:02:25-08:00,0,0
style.css,95,css,8d3de9e,Brian Jing,2025-11-20,22:02:25,-08:00,2025-11-20T22:02:25-08:00,0,0
style.css,96,css,8d3de9e,Brian Jing,2025-11-20,22:02:25,-08:00,2025-11-20T22:02:25-08:00,0,18
style.css,97,css,8d3de9e,Brian Jing,2025-11-20,22:02:25,-08:00,2025-11-20T22:02:25-08:00,0,9
style.css,98,css,8d3de9e,Brian Jing,2025-11-20,22:02:25,-08:00,2025-11-20T22:02:25-08:00,1,12
style.css,99,css,8d3de9e,Brian Jing,2025-11-20,22:02:25,-08:00,2025-11-20T22:02:25-08:00,1,57
style.css,100,css,8d3de9e,Brian Jing,2025-11-20,22:02:25,-08:00,2025-11-20T22:02:25-08:00,1,7
style.css,101,css,8d3de9e,Brian Jing,2025-11-20,22:02:25,-08:00,2025-11-20T22:02:25-08:00,0,0
style.css,102,css,8d3de9e,Brian Jing,2025-11-20,22:02:25,-08:00,2025-11-20T22:02:25-08:00,0,0
style.css,103,css,8d3de9e,Brian Jing,2025-11-20,22:02:25,-08:00,2025-11-20T22:02:25-08:00,0,19
style.css,104,css,8d3de9e,Brian Jing,2025-11-20,22:02:25,-08:00,2025-11-20T22:02:25-08:00,1,79
style.css,105,css,8d3de9e,Brian Jing,2025-11-20,22:02:25,-08:00,2025-11-20T22:02:25-08:00,1,34
style.css,106,css,8d3de9e,Brian Jing,2025-11-20,22:02:25,-08:00,2025-11-20T22:02:25-08:00,1,15
style.css,107,css,8d3de9e,Brian Jing,2025-11-20,22:02:25,-08:00,2025-11-20T22:02:25-08:00,0,0
style.css,108,css,8d3de9e,Brian Jing,2025-11-20,22:02:25,-08:00,2025-11-20T22:02:25-08:00,0,0
style.css,109,css,8d3de9e,Brian Jing,2025-11-20,22:02:25,-08:00,2025-11-20T22:02:25-08:00,0,18
style.css,110,css,8d3de9e,Brian Jing,2025-11-20,22:02:25,-08:00,2025-11-20T22:02:25-08:00,1,14
style.css,111,css,8d3de9e,Brian Jing,2025-11-20,22:02:25,-08:00,2025-11-20T22:02:25-08:00,1,16
style.css,112,css,8d3de9e,Brian Jing,2025-11-20,22:02:25,-08:00,2025-11-20T22:02:25-08:00,0,0
style.css,113,css,8d3de9e,Brian Jing,2025-11-20,22:02:25,-08:00,2025-11-20T22:02:25-08:00,1,16
style.css,114,css,8d3de9e,Brian Jing,2025-11-20,22:02:25,-08:00,2025-11-20T22:02:25-08:00,0,0
style.css,115,css,8d3de9e,Brian Jing,2025-11-20,22:02:25,-08:00,2025-11-20T22:02:25-08:00,0,0
style.css,116,css,8d3de9e,Brian Jing,2025-11-20,22:02:25,-08:00,2025-11-20T22:02:25-08:00,0,7
style.css,117,css,8d3de9e,Brian Jing,2025-11-20,22:02:25,-08:00,2025-11-20T22:02:25-08:00,1,20
style.css,118,css,8d3de9e,Brian Jing,2025-11-20,22:02:25,-08:00,2025-11-20T22:02:25-08:00,1,49
style.css,119,css,8d3de9e,Brian Jing,2025-11-20,22:02:25,-08:00,2025-11-20T22:02:25-08:00,1,56
style.css,120,css,8d3de9e,Brian Jing,2025-11-20,22:02:25,-08:00,2025-11-20T22:02:25-08:00,1,36
style.css,121,css,8d3de9e,Brian Jing,2025-11-20,22:02:25,-08:00,2025-11-20T22:02:25-08:00,1,64
style.css,122,css,8d3de9e,Brian Jing,2025-11-20,22:02:25,-08:00,2025-11-20T22:02:25-08:00,1,64
style.css,123,css,8d3de9e,Brian Jing,2025-11-20,22:02:25,-08:00,2025-11-20T22:02:25-08:00,1,21
style.css,124,css,8d3de9e,Brian Jing,2025-11-20,22:02:25,-08:00,2025-11-20T22:02:25-08:00,0,0
style.css,125,css,8d3de9e,Brian Jing,2025-11-20,22:02:25,-08:00,2025-11-20T22:02:25-08:00,0,0
style.css,126,css,8d3de9e,Brian Jing,2025-11-20,22:02:25,-08:00,2025-11-20T22:02:25-08:00,0,7
style.css,127,css,8d3de9e,Brian Jing,2025-11-20,22:02:25,-08:00,2025-11-20T22:02:25-08:00,1,6
style.css,128,css,8d3de9e,Brian Jing,2025-11-20,22:02:25,-08:00,2025-11-20T22:02:25-08:00,1,12
style.css,129,css,8d3de9e,Brian Jing,2025-11-20,22:02:25,-08:00,2025-11-20T22:02:25-08:00,1,57
style.css,130,css,8d3de9e,Brian Jing,2025-11-20,22:02:25,-08:00,2025-11-20T22:02:25-08:00,1,9
style.css,131,css,8d3de9e,Brian Jing,2025-11-20,22:02:25,-08:00,2025-11-20T22:02:25-08:00,1,15
style.css,132,css,8d3de9e,Brian Jing,2025-11-20,22:02:25,-08:00,2025-11-20T22:02:25-08:00,1,9
style.css,133,css,8d3de9e,Brian Jing,2025-11-20,22:02:25,-08:00,2025-11-20T22:02:25-08:00,1,12
style.css,134,css,8d3de9e,Brian Jing,2025-11-20,22:02:25,-08:00,2025-11-20T22:02:25-08:00,0,0
style.css,135,css,8d3de9e,Brian Jing,2025-11-20,22:02:25,-08:00,2025-11-20T22:02:25-08:00,0,0
style.css,136,css,8d3de9e,Brian Jing,2025-11-20,22:02:25,-08:00,2025-11-20T22:02:25-08:00,0,10
style.css,137,css,8d3de9e,Brian Jing,2025-11-20,22:02:25,-08:00,2025-11-20T22:02:25-08:00,1,12
style.css,138,css,8d3de9e,Brian Jing,2025-11-20,22:02:25,-08:00,2025-11-20T22:02:25-08:00,1,18
style.css,139,css,8d3de9e,Brian Jing,2025-11-20,22:02:25,-08:00,2025-11-20T22:02:25-08:00,1,9
style.css,140,css,8d3de9e,Brian Jing,2025-11-20,22:02:25,-08:00,2025-11-20T22:02:25-08:00,1,15
style.css,141,css,8d3de9e,Brian Jing,2025-11-20,22:02:25,-08:00,2025-11-20T22:02:25-08:00,0,0
style.css,142,css,8d3de9e,Brian Jing,2025-11-20,22:02:25,-08:00,2025-11-20T22:02:25-08:00,0,0
style.css,143,css,8d3de9e,Brian Jing,2025-11-20,22:02:25,-08:00,2025-11-20T22:02:25-08:00,0,10
style.css,144,css,8d3de9e,Brian Jing,2025-11-20,22:02:25,-08:00,2025-11-20T22:02:25-08:00,1,12
style.css,145,css,8d3de9e,Brian Jing,2025-11-20,22:02:25,-08:00,2025-11-20T22:02:25-08:00,1,18
style.css,146,css,8d3de9e,Brian Jing,2025-11-20,22:02:25,-08:00,2025-11-20T22:02:25-08:00,1,22
style.css,147,css,8d3de9e,Brian Jing,2025-11-20,22:02:25,-08:00,2025-11-20T22:02:25-08:00,1,8
style.css,148,css,8d3de9e,Brian Jing,2025-11-20,22:02:25,-08:00,2025-11-20T22:02:25-08:00,1,12
style.css,149,css,8d3de9e,Brian Jing,2025-11-20,22:02:25,-08:00,2025-11-20T22:02:25-08:00,1,17
style.css,150,css,8d3de9e,Brian Jing,2025-11-20,22:02:25,-08:00,2025-11-20T22:02:25-08:00,1,10
style.css,151,css,8d3de9e,Brian Jing,2025-11-20,22:02:25,-08:00,2025-11-20T22:02:25-08:00,1,15
style.css,152,css,8d3de9e,Brian Jing,2025-11-20,22:02:25,-08:00,2025-11-20T22:02:25-08:00,1,13
style.css,153,css,8d3de9e,Brian Jing,2025-11-20,22:02:25,-08:00,2025-11-20T22:02:25-08:00,0,0
style.css,154,css,8d3de9e,Brian Jing,2025-11-20,22:02:25,-08:00,2025-11-20T22:02:25-08:00,0,0
style.css,155,css,8d3de9e,Brian Jing,2025-11-20,22:02:25,-08:00,2025-11-20T22:02:25-08:00,0,3
style.css,156,css,8d3de9e,Brian Jing,2025-11-20,22:02:25,-08:00,2025-11-20T22:02:25-08:00,1,4
style.css,157,css,8d3de9e,Brian Jing,2025-11-20,22:02:25,-08:00,2025-11-20T22:02:25-08:00,2,16
style.css,158,css,8d3de9e,Brian Jing,2025-11-20,22:02:25,-08:00,2025-11-20T22:02:25-08:00,2,14
style.css,159,css,8d3de9e,Brian Jing,2025-11-20,22:02:25,-08:00,2025-11-20T22:02:25-08:00,1,0
style.css,160,css,8d3de9e,Brian Jing,2025-11-20,22:02:25,-08:00,2025-11-20T22:02:25-08:00,0,0
style.css,161,css,8d3de9e,Brian Jing,2025-11-20,22:02:25,-08:00,2025-11-20T22:02:25-08:00,1,17
style.css,162,css,8d3de9e,Brian Jing,2025-11-20,22:02:25,-08:00,2025-11-20T22:02:25-08:00,2,16
style.css,163,css,8d3de9e,Brian Jing,2025-11-20,22:02:25,-08:00,2025-11-20T22:02:25-08:00,3,11
style.css,164,css,8d3de9e,Brian Jing,2025-11-20,22:02:25,-08:00,2025-11-20T22:02:25-08:00,2,0
style.css,165,css,8d3de9e,Brian Jing,2025-11-20,22:02:25,-08:00,2025-11-20T22:02:25-08:00,1,0
style.css,166,css,8d3de9e,Brian Jing,2025-11-20,22:02:25,-08:00,2025-11-20T22:02:25-08:00,0,0
style.css,167,css,8d3de9e,Brian Jing,2025-11-20,22:02:25,-08:00,2025-11-20T22:02:25-08:00,0,0
style.css,168,css,8d3de9e,Brian Jing,2025-11-20,22:02:25,-08:00,2025-11-20T22:02:25-08:00,0,9
style.css,169,css,8d3de9e,Brian Jing,2025-11-20,22:02:25,-08:00,2025-11-20T22:02:25-08:00,1,35
style.css,170,css,8d3de9e,Brian Jing,2025-11-20,22:02:25,-08:00,2025-11-20T22:02:25-08:00,0,0
style.css,171,css,8d3de9e,Brian Jing,2025-11-20,22:02:25,-08:00,2025-11-20T22:02:25-08:00,1,10
style.css,172,css,8d3de9e,Brian Jing,2025-11-20,22:02:25,-08:00,2025-11-20T22:02:25-08:00,2,17
style.css,173,css,8d3de9e,Brian Jing,2025-11-20,22:02:25,-08:00,2025-11-20T22:02:25-08:00,1,0
style.css,174,css,8d3de9e,Brian Jing,2025-11-20,22:02:25,-08:00,2025-11-20T22:02:25-08:00,0,0
style.css,175,css,8d3de9e,Brian Jing,2025-11-20,22:02:25,-08:00,2025-11-20T22:02:25-08:00,1,10
style.css,176,css,8d3de9e,Brian Jing,2025-11-20,22:02:25,-08:00,2025-11-20T22:02:25-08:00,2,17
style.css,177,css,8d3de9e,Brian Jing,2025-11-20,22:02:25,-08:00,2025-11-20T22:02:25-08:00,1,0
style.css,178,css,8d3de9e,Brian Jing,2025-11-20,22:02:25,-08:00,2025-11-20T22:02:25-08:00,0,0
style.css,179,css,8d3de9e,Brian Jing,2025-11-20,22:02:25,-08:00,2025-11-20T22:02:25-08:00,0,0
style.css,180,css,8d3de9e,Brian Jing,2025-11-20,22:02:25,-08:00,2025-11-20T22:02:25-08:00,0,17
style.css,181,css,8d3de9e,Brian Jing,2025-11-20,22:02:25,-08:00,2025-11-20T22:02:25-08:00,0,0
style.css,182,css,8d3de9e,Brian Jing,2025-11-20,22:02:25,-08:00,2025-11-20T22:02:25-08:00,0,13
style.css,183,css,8d3de9e,Brian Jing,2025-11-20,22:02:25,-08:00,2025-11-20T22:02:25-08:00,1,17
style.css,184,css,8d3de9e,Brian Jing,2025-11-20,22:02:25,-08:00,2025-11-20T22:02:25-08:00,1,8
style.css,185,css,8d3de9e,Brian Jing,2025-11-20,22:02:25,-08:00,2025-11-20T22:02:25-08:00,1,10
style.css,186,css,8d3de9e,Brian Jing,2025-11-20,22:02:25,-08:00,2025-11-20T22:02:25-08:00,1,16
style.css,187,css,8d3de9e,Brian Jing,2025-11-20,22:02:25,-08:00,2025-11-20T22:02:25-08:00,0,0
style.css,188,css,8d3de9e,Brian Jing,2025-11-20,22:02:25,-08:00,2025-11-20T22:02:25-08:00,0,20
style.css,189,css,8d3de9e,Brian Jing,2025-11-20,22:02:25,-08:00,2025-11-20T22:02:25-08:00,1,17
style.css,190,css,8d3de9e,Brian Jing,2025-11-20,22:02:25,-08:00,2025-11-20T22:02:25-08:00,1,19
style.css,191,css,8d3de9e,Brian Jing,2025-11-20,22:02:25,-08:00,2025-11-20T22:02:25-08:00,1,22
style.css,192,css,8d3de9e,Brian Jing,2025-11-20,22:02:25,-08:00,2025-11-20T22:02:25-08:00,1,13
style.css,193,css,8d3de9e,Brian Jing,2025-11-20,22:02:25,-08:00,2025-11-20T22:02:25-08:00,1,29
style.css,194,css,8d3de9e,Brian Jing,2025-11-20,22:02:25,-08:00,2025-11-20T22:02:25-08:00,0,0
style.css,195,css,8d3de9e,Brian Jing,2025-11-20,22:02:25,-08:00,2025-11-20T22:02:25-08:00,0,0
style.css,196,css,8d3de9e,Brian Jing,2025-11-20,22:02:25,-08:00,2025-11-20T22:02:25-08:00,0,0
style.css,197,css,8d3de9e,Brian Jing,2025-11-20,22:02:25,-08:00,2025-11-20T22:02:25-08:00,0,17
style.css,198,css,8d3de9e,Brian Jing,2025-11-20,22:02:25,-08:00,2025-11-20T22:02:25-08:00,0,14
style.css,199,css,8d3de9e,Brian Jing,2025-11-20,22:02:25,-08:00,2025-11-20T22:02:25-08:00,1,15
style.css,200,css,8d3de9e,Brian Jing,2025-11-20,22:02:25,-08:00,2025-11-20T22:02:25-08:00,1,17
style.css,201,css,8d3de9e,Brian Jing,2025-11-20,22:02:25,-08:00,2025-11-20T22:02:25-08:00,0,0
style.css,202,css,8d3de9e,Brian Jing,2025-11-20,22:02:25,-08:00,2025-11-20T22:02:25-08:00,0,0
style.css,203,css,8d3de9e,Brian Jing,2025-11-20,22:02:25,-08:00,2025-11-20T22:02:25-08:00,0,17
style.css,204,css,8d3de9e,Brian Jing,2025-11-20,22:02:25,-08:00,2025-11-20T22:02:25-08:00,1,12
style.css,205,css,8d3de9e,Brian Jing,2025-11-20,22:02:25,-08:00,2025-11-20T22:02:25-08:00,1,36
style.css,206,css,8d3de9e,Brian Jing,2025-11-20,22:02:25,-08:00,2025-11-20T22:02:25-08:00,1,10
style.css,207,css,8d3de9e,Brian Jing,2025-11-20,22:02:25,-08:00,2025-11-20T22:02:25-08:00,1,20
style.css,208,css,8d3de9e,Brian Jing,2025-11-20,22:02:25,-08:00,2025-11-20T22:02:25-08:00,1,15
style.css,209,css,8d3de9e,Brian Jing,2025-11-20,22:02:25,-08:00,2025-11-20T22:02:25-08:00,0,0
style.css,210,css,8d3de9e,Brian Jing,2025-11-20,22:02:25,-08:00,2025-11-20T22:02:25-08:00,0,0
style.css,211,css,8d3de9e,Brian Jing,2025-11-20,22:02:25,-08:00,2025-11-20T22:02:25-08:00,0,17
style.css,212,css,8d3de9e,Brian Jing,2025-11-20,22:02:25,-08:00,2025-11-20T22:02:25-08:00,1,10
style.css,213,css,8d3de9e,Brian Jing,2025-11-20,22:02:25,-08:00,2025-11-20T22:02:25-08:00,1,16
style.css,214,css,8d3de9e,Brian Jing,2025-11-20,22:02:25,-08:00,2025-11-20T22:02:25-08:00,0,0
style.css,215,css,8d3de9e,Brian Jing,2025-11-20,22:02:25,-08:00,2025-11-20T22:02:25-08:00,0,0
style.css,216,css,8d3de9e,Brian Jing,2025-11-20,22:02:25,-08:00,2025-11-20T22:02:25-08:00,0,17
style.css,217,css,8d3de9e,Brian Jing,2025-11-20,22:02:25,-08:00,2025-11-20T22:02:25-08:00,1,10
style.css,218,css,8d3de9e,Brian Jing,2025-11-20,22:02:25,-08:00,2025-11-20T22:02:25-08:00,1,8
style.css,219,css,8d3de9e,Brian Jing,2025-11-20,22:02:25,-08:00,2025-11-20T22:02:25-08:00,0,0
style.css,220,css,8d3de9e,Brian Jing,2025-11-20,22:02:25,-08:00,2025-11-20T22:02:25-08:00,0,0
style.css,221,css,8d3de9e,Brian Jing,2025-11-20,22:02:25,-08:00,2025-11-20T22:02:25-08:00,0,9
style.css,222,css,8d3de9e,Brian Jing,2025-11-20,22:02:25,-08:00,2025-11-20T22:02:25-08:00,0,7
style.css,223,css,8d3de9e,Brian Jing,2025-11-20,22:02:25,-08:00,2025-11-20T22:02:25-08:00,1,12
style.css,224,css,8d3de9e,Brian Jing,2025-11-20,22:02:25,-08:00,2025-11-20T22:02:25-08:00,1,30
style.css,225,css,8d3de9e,Brian Jing,2025-11-20,22:02:25,-08:00,2025-11-20T22:02:25-08:00,1,14
style.css,226,css,8d3de9e,Brian Jing,2025-11-20,22:02:25,-08:00,2025-11-20T22:02:25-08:00,1,8
style.css,227,css,8d3de9e,Brian Jing,2025-11-20,22:02:25,-08:00,2025-11-20T22:02:25-08:00,1,9
style.css,228,css,8d3de9e,Brian Jing,2025-11-20,22:02:25,-08:00,2025-11-20T22:02:25-08:00,1,25
style.css,229,css,8d3de9e,Brian Jing,2025-11-20,22:02:25,-08:00,2025-11-20T22:02:25-08:00,1,39
style.css,230,css,8d3de9e,Brian Jing,2025-11-20,22:02:25,-08:00,2025-11-20T22:02:25-08:00,0,0
style.css,231,css,8d3de9e,Brian Jing,2025-11-20,22:02:25,-08:00,2025-11-20T22:02:25-08:00,0,0
style.css,232,css,8d3de9e,Brian Jing,2025-11-20,22:02:25,-08:00,2025-11-20T22:02:25-08:00,0,10
style.css,233,css,8d3de9e,Brian Jing,2025-11-20,22:02:25,-08:00,2025-11-20T22:02:25-08:00,1,8
style.css,234,css,8d3de9e,Brian Jing,2025-11-20,22:02:25,-08:00,2025-11-20T22:02:25-08:00,1,15
style.css,235,css,8d3de9e,Brian Jing,2025-11-20,22:02:25,-08:00,2025-11-20T22:02:25-08:00,1,10
style.css,236,css,8d3de9e,Brian Jing,2025-11-20,22:02:25,-08:00,2025-11-20T22:02:25-08:00,0,0
style.css,237,css,8d3de9e,Brian Jing,2025-11-20,22:02:25,-08:00,2025-11-20T22:02:25-08:00,0,0
style.css,238,css,8d3de9e,Brian Jing,2025-11-20,22:02:25,-08:00,2025-11-20T22:02:25-08:00,0,10
style.css,239,css,8d3de9e,Brian Jing,2025-11-20,22:02:25,-08:00,2025-11-20T22:02:25-08:00,1,8
style.css,240,css,8d3de9e,Brian Jing,2025-11-20,22:02:25,-08:00,2025-11-20T22:02:25-08:00,1,15
style.css,241,css,8d3de9e,Brian Jing,2025-11-20,22:02:25,-08:00,2025-11-20T22:02:25-08:00,1,10
style.css,242,css,8d3de9e,Brian Jing,2025-11-20,22:02:25,-08:00,2025-11-20T22:02:25-08:00,0,0
style.css,243,css,8d3de9e,Brian Jing,2025-11-20,22:02:25,-08:00,2025-11-20T22:02:25-08:00,0,0
style.css,244,css,8d3de9e,Brian Jing,2025-11-20,22:02:25,-08:00,2025-11-20T22:02:25-08:00,0,42
style.css,245,css,8d3de9e,Brian Jing,2025-11-20,22:02:25,-08:00,2025-11-20T22:02:25-08:00,1,9
style.css,246,css,8d3de9e,Brian Jing,2025-11-20,22:02:25,-08:00,2025-11-20T22:02:25-08:00,1,17
style.css,247,css,8d3de9e,Brian Jing,2025-11-20,22:02:25,-08:00,2025-11-20T22:02:25-08:00,0,0
style.css,248,css,8d3de9e,Brian Jing,2025-11-20,22:02:25,-08:00,2025-11-20T22:02:25-08:00,0,0
style.css,249,css,8d3de9e,Brian Jing,2025-11-20,22:02:25,-08:00,2025-11-20T22:02:25-08:00,0,8
style.css,250,css,8d3de9e,Brian Jing,2025-11-20,22:02:25,-08:00,2025-11-20T22:02:25-08:00,1,14
style.css,251,css,8d3de9e,Brian Jing,2025-11-20,22:02:25,-08:00,2025-11-20T22:02:25-08:00,1,7
style.css,252,css,8d3de9e,Brian Jing,2025-11-20,22:02:25,-08:00,2025-11-20T22:02:25-08:00,1,8
style.css,253,css,8d3de9e,Brian Jing,2025-11-20,22:02:25,-08:00,2025-11-20T22:02:25-08:00,1,29
style.css,254,css,8d3de9e,Brian Jing,2025-11-20,22:02:25,-08:00,2025-11-20T22:02:25-08:00,1,11
style.css,255,css,8d3de9e,Brian Jing,2025-11-20,22:02:25,-08:00,2025-11-20T22:02:25-08:00,1,20
style.css,256,css,8d3de9e,Brian Jing,2025-11-20,22:02:25,-08:00,2025-11-20T22:02:25-08:00,1,17
style.css,257,css,8d3de9e,Brian Jing,2025-11-20,22:02:25,-08:00,2025-11-20T22:02:25-08:00,1,15
style.css,258,css,8d3de9e,Brian Jing,2025-11-20,22:02:25,-08:00,2025-11-20T22:02:25-08:00,1,19
style.css,259,css,8d3de9e,Brian Jing,2025-11-20,22:02:25,-08:00,2025-11-20T22:02:25-08:00,1,12
style.css,260,css,8d3de9e,Brian Jing,2025-11-20,22:02:25,-08:00,2025-11-20T22:02:25-08:00,0,0
style.css,261,css,8d3de9e,Brian Jing,2025-11-20,22:02:25,-08:00,2025-11-20T22:02:25-08:00,0,0
style.css,262,css,8d3de9e,Brian Jing,2025-11-20,22:02:25,-08:00,2025-11-20T22:02:25-08:00,0,6
style.css,263,css,8d3de9e,Brian Jing,2025-11-20,22:02:25,-08:00,2025-11-20T22:02:25-08:00,1,16
style.css,264,css,8d3de9e,Brian Jing,2025-11-20,22:02:25,-08:00,2025-11-20T22:02:25-08:00,1,23
style.css,265,css,8d3de9e,Brian Jing,2025-11-20,22:02:25,-08:00,2025-11-20T22:02:25-08:00,1,22
style.css,266,css,8d3de9e,Brian Jing,2025-11-20,22:02:25,-08:00,2025-11-20T22:02:25-08:00,0,0
style.css,267,css,8d3de9e,Brian Jing,2025-11-20,22:02:25,-08:00,2025-11-20T22:02:25-08:00,0,0
style.css,268,css,8d3de9e,Brian Jing,2025-11-20,22:02:25,-08:00,2025-11-20T22:02:25-08:00,0,12
style.css,269,css,8d3de9e,Brian Jing,2025-11-20,22:02:25,-08:00,2025-11-20T22:02:25-08:00,1,20
style.css,270,css,8d3de9e,Brian Jing,2025-11-20,22:02:25,-08:00,2025-11-20T22:02:25-08:00,0,0
style.css,271,css,8d3de9e,Brian Jing,2025-11-20,22:02:25,-08:00,2025-11-20T22:02:25-08:00,0,0
style.css,272,css,8d3de9e,Brian Jing,2025-11-20,22:02:25,-08:00,2025-11-20T22:02:25-08:00,0,11
style.css,273,css,8d3de9e,Brian Jing,2025-11-20,22:02:25,-08:00,2025-11-20T22:02:25-08:00,0,8
style.css,274,css,8d3de9e,Brian Jing,2025-11-20,22:02:25,-08:00,2025-11-20T22:02:25-08:00,1,14
style.css,275,css,8d3de9e,Brian Jing,2025-11-20,22:02:25,-08:00,2025-11-20T22:02:25-08:00,1,7
style.css,276,css,8d3de9e,Brian Jing,2025-11-20,22:02:25,-08:00,2025-11-20T22:02:25-08:00,1,8
style.css,277,css,8d3de9e,Brian Jing,2025-11-20,22:02:25,-08:00,2025-11-20T22:02:25-08:00,1,18
style.css,278,css,8d3de9e,Brian Jing,2025-11-20,22:02:25,-08:00,2025-11-20T22:02:25-08:00,1,42
style.css,279,css,8d3de9e,Brian Jing,2025-11-20,22:02:25,-08:00,2025-11-20T22:02:25-08:00,1,41
style.css,280,css,8d3de9e,Brian Jing,2025-11-20,22:02:25,-08:00,2025-11-20T22:02:25-08:00,1,17
style.css,281,css,8d3de9e,Brian Jing,2025-11-20,22:02:25,-08:00,2025-11-20T22:02:25-08:00,1,25
style.css,282,css,8d3de9e,Brian Jing,2025-11-20,22:02:25,-08:00,2025-11-20T22:02:25-08:00,1,41
style.css,283,css,8d3de9e,Brian Jing,2025-11-20,22:02:25,-08:00,2025-11-20T22:02:25-08:00,1,58
style.css,284,css,8d3de9e,Brian Jing,2025-11-20,22:02:25,-08:00,2025-11-20T22:02:25-08:00,1,49
style.css,285,css,8d3de9e,Brian Jing,2025-11-20,22:02:25,-08:00,2025-11-20T22:02:25-08:00,1,9
style.css,286,css,8d3de9e,Brian Jing,2025-11-20,22:02:25,-08:00,2025-11-20T22:02:25-08:00,1,26
style.css,287,css,8d3de9e,Brian Jing,2025-11-20,22:02:25,-08:00,2025-11-20T22:02:25-08:00,1,12
style.css,288,css,8d3de9e,Brian Jing,2025-11-20,22:02:25,-08:00,2025-11-20T22:02:25-08:00,0,0
style.css,289,css,8d3de9e,Brian Jing,2025-11-20,22:02:25,-08:00,2025-11-20T22:02:25-08:00,0,0
style.css,290,css,8d3de9e,Brian Jing,2025-11-20,22:02:25,-08:00,2025-11-20T22:02:25-08:00,0,49
style.css,291,css,8d3de9e,Brian Jing,2025-11-20,22:02:25,-08:00,2025-11-20T22:02:25-08:00,0,16
style.css,292,css,8d3de9e,Brian Jing,2025-11-20,22:02:25,-08:00,2025-11-20T22:02:25-08:00,1,9
style.css,293,css,8d3de9e,Brian Jing,2025-11-20,22:02:25,-08:00,2025-11-20T22:02:25-08:00,1,23
style.css,294,css,8d3de9e,Brian Jing,2025-11-20,22:02:25,-08:00,2025-11-20T22:02:25-08:00,0,0
style.css,295,css,8d3de9e,Brian Jing,2025-11-20,22:02:25,-08:00,2025-11-20T22:02:25-08:00,0,0
style.css,296,css,8d3de9e,Brian Jing,2025-11-20,22:02:25,-08:00,2025-11-20T22:02:25-08:00,0,15
style.css,297,css,8d3de9e,Brian Jing,2025-11-20,22:02:25,-08:00,2025-11-20T22:02:25-08:00,1,12
style.css,298,css,8d3de9e,Brian Jing,2025-11-20,22:02:25,-08:00,2025-11-20T22:02:25-08:00,0,0
style.css,299,css,8d3de9e,Brian Jing,2025-11-20,22:02:25,-08:00,2025-11-20T22:02:25-08:00,0,0
style.css,300,css,8d3de9e,Brian Jing,2025-11-20,22:02:25,-08:00,2025-11-20T22:02:25-08:00,0,16
style.css,301,css,8d3de9e,Brian Jing,2025-11-20,22:02:25,-08:00,2025-11-20T22:02:25-08:00,0,6
style.css,302,css,8d3de9e,Brian Jing,2025-11-20,22:02:25,-08:00,2025-11-20T22:02:25-08:00,1,12
style.css,303,css,8d3de9e,Brian Jing,2025-11-20,22:02:25,-08:00,2025-11-20T22:02:25-08:00,1,29
style.css,304,css,8d3de9e,Brian Jing,2025-11-20,22:02:25,-08:00,2025-11-20T22:02:25-08:00,1,22
style.css,305,css,8d3de9e,Brian Jing,2025-11-20,22:02:25,-08:00,2025-11-20T22:02:25-08:00,1,14
style.css,306,css,8d3de9e,Brian Jing,2025-11-20,22:02:25,-08:00,2025-11-20T22:02:25-08:00,1,8
style.css,307,css,8d3de9e,Brian Jing,2025-11-20,22:02:25,-08:00,2025-11-20T22:02:25-08:00,1,13
style.css,308,css,8d3de9e,Brian Jing,2025-11-20,22:02:25,-08:00,2025-11-20T22:02:25-08:00,1,17
style.css,309,css,8d3de9e,Brian Jing,2025-11-20,22:02:25,-08:00,2025-11-20T22:02:25-08:00,1,33
style.css,310,css,8d3de9e,Brian Jing,2025-11-20,22:02:25,-08:00,2025-11-20T22:02:25-08:00,1,39
style.css,311,css,8d3de9e,Brian Jing,2025-11-20,22:02:25,-08:00,2025-11-20T22:02:25-08:00,1,13
style.css,312,css,8d3de9e,Brian Jing,2025-11-20,22:02:25,-08:00,2025-11-20T22:02:25-08:00,1,18
style.css,313,css,8d3de9e,Brian Jing,2025-11-20,22:02:25,-08:00,2025-11-20T22:02:25-08:00,1,19
style.css,314,css,8d3de9e,Brian Jing,2025-11-20,22:02:25,-08:00,2025-11-20T22:02:25-08:00,1,40
style.css,315,css,8d3de9e,Brian Jing,2025-11-20,22:02:25,-08:00,2025-11-20T22:02:25-08:00,1,25
style.css,316,css,8d3de9e,Brian Jing,2025-11-20,22:02:25,-08:00,2025-11-20T22:02:25-08:00,0,0
style.css,317,css,8d3de9e,Brian Jing,2025-11-20,22:02:25,-08:00,2025-11-20T22:02:25-08:00,0,0
style.css,318,css,8d3de9e,Brian Jing,2025-11-20,22:02:25,-08:00,2025-11-20T22:02:25-08:00,0,9
style.css,319,css,8d3de9e,Brian Jing,2025-11-20,22:02:25,-08:00,2025-11-20T22:02:25-08:00,1,17
style.css,320,css,8d3de9e,Brian Jing,2025-11-20,22:02:25,-08:00,2025-11-20T22:02:25-08:00,1,21
style.css,321,css,8d3de9e,Brian Jing,2025-11-20,22:02:25,-08:00,2025-11-20T22:02:25-08:00,1,13
style.css,322,css,8d3de9e,Brian Jing,2025-11-20,22:02:25,-08:00,2025-11-20T22:02:25-08:00,1,24
style.css,323,css,8d3de9e,Brian Jing,2025-11-20,22:02:25,-08:00,2025-11-20T22:02:25-08:00,1,21
style.css,324,css,8d3de9e,Brian Jing,2025-11-20,22:02:25,-08:00,2025-11-20T22:02:25-08:00,0,0
style.css,325,css,8d3de9e,Brian Jing,2025-11-20,22:02:25,-08:00,2025-11-20T22:02:25-08:00,0,0
style.css,326,css,8d3de9e,Brian Jing,2025-11-20,22:02:25,-08:00,2025-11-20T22:02:25-08:00,0,9
style.css,327,css,8d3de9e,Brian Jing,2025-11-20,22:02:25,-08:00,2025-11-20T22:02:25-08:00,1,14
style.css,328,css,8d3de9e,Brian Jing,2025-11-20,22:02:25,-08:00,2025-11-20T22:02:25-08:00,1,15
style.css,329,css,8d3de9e,Brian Jing,2025-11-20,22:02:25,-08:00,2025-11-20T22:02:25-08:00,1,10
style.css,330,css,8d3de9e,Brian Jing,2025-11-20,22:02:25,-08:00,2025-11-20T22:02:25-08:00,1,8
style.css,331,css,8d3de9e,Brian Jing,2025-11-20,22:02:25,-08:00,2025-11-20T22:02:25-08:00,0,0
style.css,332,css,8d3de9e,Brian Jing,2025-11-20,22:02:25,-08:00,2025-11-20T22:02:25-08:00,0,0
style.css,333,css,8d3de9e,Brian Jing,2025-11-20,22:02:25,-08:00,2025-11-20T22:02:25-08:00,0,8
style.css,334,css,8d3de9e,Brian Jing,2025-11-20,22:02:25,-08:00,2025-11-20T22:02:25-08:00,0,9
style.css,335,css,8d3de9e,Brian Jing,2025-11-20,22:02:25,-08:00,2025-11-20T22:02:25-08:00,1,13
style.css,336,css,8d3de9e,Brian Jing,2025-11-20,22:02:25,-08:00,2025-11-20T22:02:25-08:00,0,0
style.css,337,css,8d3de9e,Brian Jing,2025-11-20,22:02:25,-08:00,2025-11-20T22:02:25-08:00,0,0
style.css,338,css,8d3de9e,Brian Jing,2025-11-20,22:02:25,-08:00,2025-11-20T22:02:25-08:00,0,10
style.css,339,css,8d3de9e,Brian Jing,2025-11-20,22:02:25,-08:00,2025-11-20T22:02:25-08:00,1,6
style.css,340,css,8d3de9e,Brian Jing,2025-11-20,22:02:25,-08:00,2025-11-20T22:02:25-08:00,1,15
style.css,341,css,8d3de9e,Brian Jing,2025-11-20,22:02:25,-08:00,2025-11-20T22:02:25-08:00,0,0